method,route,summary,responses,security
"GET","/api/v1/utility-bills/my/accounts","","200","[]"
"POST","/api/v1/utility-bills/my/accounts","","201,400,401,403,409,422","[]"
"POST","/api/v1/utility-bills/my/accounts/{id}/replace","","202,404,409,422","[]"
"DELETE","/api/v1/utility-bills/my/accounts/{id}","","204,404,409","[]"
"POST","/api/v1/utility-bills/my/accounts/{id}/sync","","202,404","[]"
"GET","/api/v1/utility-bills/my/bills","","200","[]"
"GET","/api/v1/utility-bills/my/dashboard-summary","","200","[]"
"GET","/api/v1/utility-bills/accounts","","200","[]"
"POST","/api/v1/utility-bills/accounts","","201,400,404,409","[]"
"POST","/api/v1/utility-bills/accounts/{id}/replace","","202,404,409,422","[]"
"DELETE","/api/v1/utility-bills/accounts/{id}","","204,404,409","[]"
"GET","/api/v1/utility-bills/accounts/{id}","","200,404","[]"
"GET","/api/v1/utility-bills/accounts/{id}/bills","","200,404","[]"
"POST","/api/v1/utility-bills/accounts/{id}/sync","","202,404","[]"
"GET","/api/v1/platform/companies","","200","[]"
"GET","/api/v1/platform/contact-requests","","200","[]"
"GET","/api/v1/platform/contact-requests/{id}","","200","[]"
"PATCH","/api/v1/platform/contact-requests/{id}/status","","200","[]"
"GET","/api/v1/platform/landlord-registrations/pending","","200","[]"
"GET","/api/v1/platform/landlord-registrations/{registrationId}","","200,404","[]"
"POST","/api/v1/platform/landlord-registrations/{registrationId}/approve","","200,404,409,422","[]"
"POST","/api/v1/platform/landlord-registrations/{registrationId}/reject","","200,404,409,422","[]"
"GET","/api/v1/platform/plan-change-requests","","200","[]"
"GET","/api/v1/platform/plan-change-requests/{requestId}","","200","[]"
"POST","/api/v1/platform/plan-change-requests/{requestId}/approve","","200,409,422","[]"
"POST","/api/v1/platform/plan-change-requests/{requestId}/reject","","200,409,422","[]"
"GET","/api/v1/platform/plans","","200","[]"
"POST","/api/v1/platform/plans","","201,409,422","[]"
"GET","/api/v1/platform/plans/{planId}","","200","[]"
"POST","/api/v1/platform/plans/{planId}/activate","","200","[]"
"POST","/api/v1/platform/plans/{planId}/deactivate","","200","[]"
"GET","/api/v1/platform/subscriptions","","200","[]"
"POST","/api/v1/platform/subscriptions","","201,409,422","[]"
"GET","/api/v1/platform/subscriptions/{subscriptionId}","","200","[]"
"GET","/api/v1/notifications/me","","200,400,401","[]"
"GET","/api/v1/notifications/me/unread-count","","200,401","[]"
"PATCH","/api/v1/notifications/{id}/read","","204,401,404,422","[]"
"PATCH","/api/v1/notifications/me/read-all","","200,401","[]"
"GET","/api/v1/notifications","","200,400,401,403","[]"
"POST","/api/v1/notifications","","201,400,401,403,404,422","[]"
"PATCH","/api/v1/notifications/{notificationId}/deliveries/{deliveryId}","","204,400,401,403,404,422","[]"
"GET","/api/v1/notification-deliveries/failed","","200,400,401,403","[]"
"GET","/api/v1/notification-templates","","200,401","[]"
"POST","/api/v1/notification-templates","","201,400,401,403,409,422","[]"
"GET","/api/v1/notification-templates/{id}","","200,401,404","[]"
"PUT","/api/v1/notification-templates/{id}","","204,400,401,403,404,409,422","[]"
"DELETE","/api/v1/notification-templates/{id}","","204,401,403,404,422","[]"
"POST","/api/v1/marketplace/listings","","200","[]"
"GET","/api/v1/marketplace/listings","","200","[]"
"PUT","/api/v1/marketplace/listings/{id}","","200","[]"
"DELETE","/api/v1/marketplace/listings/{id}","","200","[]"
"GET","/api/v1/marketplace/listings/{id}","","200","[]"
"POST","/api/v1/marketplace/listings/{id}/publish","","200","[]"
"POST","/api/v1/marketplace/listings/{id}/archive","","200","[]"
"POST","/api/v1/marketplace/listings/{id}/images","","200","[]"
"DELETE","/api/v1/marketplace/listings/{id}/images/{imageId}","","200","[]"
"POST","/api/v1/marketplace/listings/{id}/images/{imageId}/cover","","200","[]"
"POST","/api/v1/marketplace/listings/{id}/images/reorder","","200","[]"
"GET","/api/v1/marketplace/listings/company","","200","[]"
"POST","/api/v1/marketplace/viewing-requests","","200","[]"
"GET","/api/v1/marketplace/viewing-requests","","200","[]"
"POST","/api/v1/marketplace/viewing-requests/{id}/status","","200","[]"
"POST","/api/v1/maintenance-requests","","201,400,401,403,404,422","[]"
"GET","/api/v1/maintenance-requests","","200,400,401","[]"
"GET","/api/v1/maintenance-requests/{id}","","200,401,404","[]"
"PUT","/api/v1/maintenance-requests/{id}","","204,400,401,403,404,422","[]"
"DELETE","/api/v1/maintenance-requests/{id}","","204,401,403,404,422","[]"
"PATCH","/api/v1/maintenance-requests/{id}/status","","204,400,401,403,404,422","[]"
"GET","/api/v1/maintenance-requests/{id}/comments","","200,401","[]"
"POST","/api/v1/maintenance-requests/{id}/comments","","201,400,401,403,404,422","[]"
"PUT","/api/v1/maintenance-requests/{id}/comments/{commentId}","","204,400,401,403,404,422","[]"
"DELETE","/api/v1/maintenance-requests/{id}/comments/{commentId}","","204,401,403,404,422","[]"
"GET","/api/v1/maintenance-requests/{id}/attachments","","200,401","[]"
"POST","/api/v1/maintenance-requests/{id}/attachments","","201,400,401,403,404,422","[]"
"DELETE","/api/v1/maintenance-requests/{id}/attachments/{attachmentId}","","204,401,403,404,422","[]"
"GET","/api/v1/maintenance-requests/{id}/status-history","","200,401","[]"
"GET","/api/v1/leasing/contracts/next-number","","200","[]"
"POST","/api/v1/leasing/contracts","","201,400,401,403,404,409","[]"
"PUT","/api/v1/leasing/contracts/{id}","","204,400,401,403,404,422","[]"
"GET","/api/v1/leasing/contracts/{id}","","200,401,404","[]"
"POST","/api/v1/leasing/contracts/{id}/documents","","201,400,401,403,404,409","[]"
"GET","/api/v1/leasing/contracts/{id}/documents/{documentId}/download","","200,302,404","[]"
"PUT","/api/v1/leasing/contracts/{id}/documents/{documentId}/replace","","204,404","[]"
"DELETE","/api/v1/leasing/contracts/{id}/documents/{documentId}","","204,404","[]"
"POST","/api/v1/leasing/contracts/{id}/activate","","204,401,403,404,422","[]"
"POST","/api/v1/leasing/contracts/{id}/terminate","","204,400,401,403,404,422","[]"
"POST","/api/v1/leasing/contracts/{id}/renew","","201,400,401,403,404,422","[]"
"GET","/api/v1/leasing/contracts/search","","200,400,401","[]"
"GET","/api/v1/leasing/contracts/expiring","","200,401","[]"
"GET","/api/v1/leasing/contracts/history/apartment/{apartmentId}","","200,400,401","[]"
"GET","/api/v1/leasing/tenants/{tenantId}/emergency-contacts","","200,401,404","[]"
"POST","/api/v1/leasing/tenants/{tenantId}/emergency-contacts","","201,400,401,403,404","[]"
"GET","/api/v1/leasing/tenants/{tenantId}/emergency-contacts/{contactId}","","200,401,404","[]"
"PUT","/api/v1/leasing/tenants/{tenantId}/emergency-contacts/{contactId}","","204,400,401,403,404","[]"
"DELETE","/api/v1/leasing/tenants/{tenantId}/emergency-contacts/{contactId}","","204,401,403,404","[]"
"GET","/api/v1/leasing/tenants/{tenantId}/family-members","","200,401,404","[]"
"POST","/api/v1/leasing/tenants/{tenantId}/family-members","","201,400,401,403,404","[]"
"GET","/api/v1/leasing/tenants/{tenantId}/family-members/{familyMemberId}","","200,401,404","[]"
"PUT","/api/v1/leasing/tenants/{tenantId}/family-members/{familyMemberId}","","204,400,401,403,404","[]"
"DELETE","/api/v1/leasing/tenants/{tenantId}/family-members/{familyMemberId}","","204,401,403,404","[]"
"GET","/api/v1/tenant-portal/me","","200,401,403,404","[]"
"GET","/api/v1/tenant-portal/lease","","200,401,403,404","[]"
"GET","/api/v1/tenant-portal/payments","","200,401,403","[]"
"GET","/api/v1/tenant-portal/payments/{id}/settlement-statement","","200,400,401,403,404","[]"
"POST","/api/v1/leasing/tenants","","201,400,401,403,409","[]"
"GET","/api/v1/leasing/tenants","","200,401","[]"
"GET","/api/v1/leasing/tenants/{tenantId}","","200,401,404","[]"
"PUT","/api/v1/leasing/tenants/{tenantId}","","204,400,401,403,404,409","[]"
"DELETE","/api/v1/leasing/tenants/{tenantId}","","204,401,403,404,422","[]"
"GET","/api/v1/leasing/tenants/{tenantId}/leases","","200,400,401","[]"
"POST","/api/v1/leasing/tenants/{tenantId}/account","","201,400,401,403,404,409","[]"
"GET","/api/v1/leasing/tenants/{tenantId}/vehicles","","200,401,404","[]"
"POST","/api/v1/leasing/tenants/{tenantId}/vehicles","","201,400,401,403,404,409","[]"
"GET","/api/v1/leasing/tenants/{tenantId}/vehicles/{vehicleId}","","200,401,404","[]"
"PUT","/api/v1/leasing/tenants/{tenantId}/vehicles/{vehicleId}","","204,400,401,403,404,409","[]"
"DELETE","/api/v1/leasing/tenants/{tenantId}/vehicles/{vehicleId}","","204,401,403,404","[]"
"POST","/api/v1/cheques/{id}/status","","204,400,401,403,404,409,422","[]"
"GET","/api/v1/cheques","","200,400,401","[]"
"GET","/api/v1/cheques/upcoming","","200,401","[]"
"POST","/api/v1/efawateercom/transactions","","201,400,401,403,404,409,422","[]"
"GET","/api/v1/efawateercom/transactions","","200,400,401","[]"
"POST","/api/v1/efawateercom/transactions/{id}/sent","","204,401,403,404,422","[]"
"POST","/api/v1/efawateercom/transactions/{id}/cancel","","204,401,403,404,422","[]"
"POST","/api/v1/efawateercom/transactions/{id}/expire","","204,401,403,404,422","[]"
"POST","/api/v1/efawateercom/transactions/{externalId}/poll","","204,401,403,404,422","[]"
"GET","/api/v1/efawateercom/transactions/{id}","","200,401,404","[]"
"POST","/api/v1/webhooks/efawateercom","","202,400,401,404,503","[]"
"POST","/api/v1/expenses","","201,400,401,403,404,422","[]"
"GET","/api/v1/expenses","","200,400,401","[]"
"GET","/api/v1/expenses/{id}","","200,401,404","[]"
"PUT","/api/v1/expenses/{id}","","204,400,401,403,404,422","[]"
"DELETE","/api/v1/expenses/{id}","","204,401,403,404,422","[]"
"POST","/api/v1/expenses/{id}/receipts","","201,400,401,403,404,422","[]"
"DELETE","/api/v1/expenses/{id}/receipts/{receiptId}","","204,401,403,404,422","[]"
"GET","/api/v1/owner/payments/pending-verifications","","200","[]"
"POST","/api/v1/owner/payments/{id}/submissions/{submissionId}/approve","","204,400,404","[]"
"POST","/api/v1/owner/payments/{id}/submissions/{submissionId}/reject","","204,400,404","[]"
"POST","/api/v1/payment-allocations","","204,400,401,403,404,409,422","[]"
"POST","/api/v1/payment-allocations/{id}/reverse","","204,400,401,403,404,409,422","[]"
"PUT","/api/v1/companies/current/receipt-sequence","","204,400,401,403,404,422","[]"
"GET","/api/v1/rent-payments/{id}","","200,401,404","[]"
"GET","/api/v1/leases/{leaseId}/rent-payments","","200,401","[]"
"GET","/api/v1/tenants/{tenantId}/rent-payments","","200,401","[]"
"GET","/api/v1/rent-payments/search","","200,400,401","[]"
"GET","/api/v1/rent-payments/outstanding","","200,400,401","[]"
"GET","/api/v1/rent-payments","","200,400,401","[]"
"POST","/api/v1/rent-payments/manual","","201,400,401,403,404,409,422","[]"
"POST","/api/v1/rent-payments/{id}/cancel","","204,400,401,403,404,422","[]"
"POST","/api/v1/rent-payments/{id}/receipt","","200,401,403,404,409,422","[]"
"GET","/api/v1/rent-payments/{id}/receipt","","200,401,404","[]"
"GET","/api/v1/rent-payments/{id}/settlement-statement","","200,400,401,404","[]"
"GET","/api/v1/rent-payment-receipts","","200,400,401","[]"
"POST","/api/v1/leases/{leaseId}/installments/generate","","204,401,403,404,422","[]"
"POST","/api/v1/rent-payments/{id}/remind","","200,401,403,404,422","[]"
"POST","/api/v1/tenant/payments/{id}/submit-verification","","200,400,404","[]"
"POST","/api/v1/files/upload-request","","200,400,401,422","[]"
"POST","/api/v1/files/confirm","","200,400,401,422","[]"
"PUT","/api/v1/files/upload","","204,401,411,413","[]"
"GET","/api/v1/files/download","","200,401,404","[]"
"GET","/api/v1/files/{id}/download-url","","200,401,404","[]"
"GET","/api/v1/buildings/{buildingId}/documents","","200,400,401","[]"
"POST","/api/v1/buildings/{buildingId}/documents","","201,400,401,403,404,422","[]"
"GET","/api/v1/building-documents/{id}","","200,401,404","[]"
"PUT","/api/v1/building-documents/{id}","","200,400,401,403,404,422","[]"
"DELETE","/api/v1/building-documents/{id}","","204,401,403,404,422","[]"
"POST","/api/v1/building-documents/{id}/replace","","201,400,401,403,404,422","[]"
"GET","/api/v1/documents/expiring","","200,400,401","[]"
"GET","/api/v1/building-documents/{id}/download-url","","200,401,404","[]"
"GET","/api/v1/document-categories","","200,401","[]"
"POST","/api/v1/document-categories","","201,400,401,403,409,422","[]"
"PUT","/api/v1/document-categories/{id}","","200,400,401,403,404,409,422","[]"
"DELETE","/api/v1/document-categories/{id}","","204,401,403,404,422","[]"
"GET","/api/v1/floors/{floorId}/apartments/next-number","","200","[]"
"POST","/api/v1/floors/{floorId}/apartments","","204,400,401,403,404,409,422","[]"
"GET","/api/v1/apartments","","200,401,403","[]"
"GET","/api/v1/apartments/{id}","","200,401,403,404","[]"
"PUT","/api/v1/apartments/{id}","","204,400,401,403,404","[]"
"DELETE","/api/v1/apartments/{id}","","204,401,403,404","[]"
"POST","/api/v1/auth/register","","201,400,409,500","[]"
"POST","/api/v1/auth/login","","200,400,401,500","[]"
"POST","/api/v1/auth/refresh","","200,401,500","[]"
"POST","/api/v1/auth/logout","","204,401,500","[]"
"POST","/api/v1/auth/logout-all","","204,401,500","[]"
"POST","/api/v1/auth/otp/request","","200,400,404,500","[]"
"POST","/api/v1/auth/otp/verify","","200,400,401,404,500","[]"
"POST","/api/v1/auth/password-reset/request","","200,422,429","[]"
"POST","/api/v1/auth/password-reset/verify-otp","","200,422,429","[]"
"POST","/api/v1/auth/password-reset/complete","","200,422,429","[]"
"GET","/api/v1/auth/me","","200,401,404,500","[]"
"GET","/api/v1/auth/tenant-activation-status","","200","[]"
"POST","/api/v1/auth/tenant-activate","","200,400,401,500","[]"
"GET","/api/v1/buildings/next-code","","200","[]"
"POST","/api/v1/buildings","","204,400,401,403,409,422","[]"
"GET","/api/v1/buildings","","200,401,403","[]"
"GET","/api/v1/buildings/{id}","","200,401,403,404","[]"
"PUT","/api/v1/buildings/{id}","","204,400,401,403,404,409","[]"
"DELETE","/api/v1/buildings/{id}","","204,401,403,404","[]"
"GET","/api/v1/dashboard/summary","","200,401","[]"
"POST","/api/v1/development/email/test","","200,400,401,404,502","[]"
"POST","/api/v1/development/seed/owner-payment-verification","","200,404","[]"
"POST","/api/v1/development/sms/test","","200,400,401,404,502","[]"
"GET","/api/v1/buildings/{buildingId}/floors/next-number","","200","[]"
"POST","/api/v1/buildings/{buildingId}/floors","","204,400,401,403,404,409,422","[]"
"GET","/api/v1/buildings/{buildingId}/floors","","200,401,403,404","[]"
"GET","/api/v1/floors/{id}","","200,401,403,404","[]"
"PUT","/api/v1/floors/{id}","","204,400,401,403,404","[]"
"DELETE","/api/v1/floors/{id}","","204,401,403,404","[]"
"GET","/api/v1/locations/reverse-geocode","","200","[]"
"POST","/api/v1/parking-spots/{parkingSpotId}/assignment","","201","[]"
"GET","/api/v1/parking-spots/{parkingSpotId}/assignment","","200,204","[]"
"GET","/api/v1/leasing/contracts/{leaseContractId}/parking","","200","[]"
"POST","/api/v1/parking-assignments/{assignmentId}/end","","204","[]"
"POST","/api/v1/buildings/{buildingId}/parking-spots","","204,400,401,403,404,409,422","[]"
"GET","/api/v1/buildings/{buildingId}/parking-spots","","200,401,403,404","[]"
"GET","/api/v1/parking-spots/{id}","","200,401,403,404","[]"
"PUT","/api/v1/parking-spots/{id}","","204,400,401,403,404","[]"
"DELETE","/api/v1/parking-spots/{id}","","204,401,403,404","[]"
"GET","/api/v1/subscriptions/plans","","200,422","[]"
"GET","/api/v1/subscriptions/me","","200,404","[]"
"GET","/api/v1/subscriptions/usage/current","","200,404","[]"
"GET","/api/v1/subscriptions/plan-change-requests","","200","[]"
"POST","/api/v1/subscriptions/plan-change-requests","","201,409,422","[]"
"POST","/api/v1/subscriptions/plan-change-requests/{requestId}/cancel","","200,404,409,422","[]"
"POST","/api/v1/subscriptions/subscribe","","410","[]"
"PUT","/api/v1/subscriptions/change-plan","","410","[]"
"POST","/api/v1/subscriptions/cancel","","410","[]"
"POST","/api/v1/test/mutate","","200","[]"
"POST","/api/test/mutate","","200","[]"
"GET","/api/v1/users/me","","200,401,404,500","[]"
"POST","/api/v1/contact-requests","","201,422,429","[]"
"GET","/api/v1/companies/me","Get current authenticated company details","200,401,404","[]"
"GET","/api/v1/companies/{companyId}","Get company by ID","200,401,403,404","[]"
"PUT","/api/v1/companies/{companyId}","Update company profile","204,400,401,403,404","[]"
"GET","/api/v1/companies/{companyId}/settings","Get company settings","200,401,403,404","[]"
"PUT","/api/v1/companies/{companyId}/settings","Update company settings","204,400,401,403,404","[]"