file,line,call,argument
"mobile/lib/core/storage/secure_session_store.dart","33","delete","key: _accessTokenKey),"
"mobile/lib/core/storage/secure_session_store.dart","34","delete","key: _refreshTokenKey),"
"mobile/lib/core/storage/secure_session_store.dart","35","delete","key: _persistentKey),"
"mobile/lib/features/auth/data/auth_repository.dart","27","postJson","'/api/v1/auth/login',"
"mobile/lib/features/auth/data/auth_repository.dart","50","postJson","'/api/v1/auth/register',"
"mobile/lib/features/auth/data/auth_repository.dart","68","postJson","'/api/v1/auth/otp/request',"
"mobile/lib/features/auth/data/auth_repository.dart","77","postJson","'/api/v1/auth/otp/verify',"
"mobile/lib/features/auth/data/auth_repository.dart","85","postJson","'/api/v1/auth/password-reset/request',"
"mobile/lib/features/auth/data/auth_repository.dart","93","postJson","'/api/v1/auth/password-reset/verify-otp',"
"mobile/lib/features/auth/data/auth_repository.dart","107","postJson","'/api/v1/auth/password-reset/complete',"
"mobile/lib/features/auth/data/auth_repository.dart","115","getJson","'/api/v1/auth/tenant-activation-status',"
"mobile/lib/features/auth/data/auth_repository.dart","123","postJson","'/api/v1/auth/tenant-activate',"
"mobile/lib/features/auth/data/auth_repository.dart","136","getJson","'/api/v1/auth/me');"
"mobile/lib/features/auth/data/auth_repository.dart","147","postJson","'/api/v1/auth/logout',"
"mobile/lib/features/auth/data/auth_repository.dart","158","postVoid","'/api/v1/auth/logout-all', body: const {});"
"mobile/lib/features/dashboard/data/dashboard_repository.dart","18","getJson","'/api/v1/dashboard/summary');"
"mobile/lib/features/financial_operations/data/expenses_repository.dart","35","getList","'/api/v1/expenses',"
"mobile/lib/features/financial_operations/data/expenses_repository.dart","42","getJson","'/api/v1/expenses/${_id(id)}')),"
"mobile/lib/features/financial_operations/data/expenses_repository.dart","46","getJson","'/api/v1/files/${_id(fileId)}/download-url',"
"mobile/lib/features/leasing/data/lease_files.dart","85","postJson","'/api/v1/files/upload-request',"
"mobile/lib/features/leasing/data/lease_files.dart","158","postJson","'/api/v1/files/confirm',"
"mobile/lib/features/leasing/data/leasing_repository.dart","39","getList","'$base/search',"
"mobile/lib/features/leasing/data/leasing_repository.dart","45","getList","'$base/expiring',"
"mobile/lib/features/leasing/data/leasing_repository.dart","51","getList","'$base/history/apartment/${Uri.encodeComponent(apartmentId)}',"
"mobile/lib/features/leasing/data/leasing_repository.dart","58","getJson","'$base/${Uri.encodeComponent(id)}'),"
"mobile/lib/features/leasing/data/leasing_repository.dart","62","getJson","'$base/next-number'))['value'] as String,"
"mobile/lib/features/leasing/data/leasing_repository.dart","65","getList","'/api/v1/leasing/tenants',"
"mobile/lib/features/leasing/data/leasing_repository.dart","70","getList","'/api/v1/leasing/tenants',"
"mobile/lib/features/leasing/data/leasing_repository.dart","77","getJson","'/api/v1/leasing/tenants/${Uri.encodeComponent(id)}',"
"mobile/lib/features/leasing/data/leasing_repository.dart","83","postId","'/api/v1/leasing/tenants', body: body);"
"mobile/lib/features/leasing/data/leasing_repository.dart","84","putJson","'/api/v1/leasing/tenants/${Uri.encodeComponent(id)}',"
"mobile/lib/features/leasing/data/leasing_repository.dart","89","delete","'/api/v1/leasing/tenants/${Uri.encodeComponent(id)}');"
"mobile/lib/features/leasing/data/leasing_repository.dart","91","getList","'/api/v1/leasing/tenants/${Uri.encodeComponent(id)}/leases',"
"mobile/lib/features/leasing/data/leasing_repository.dart","99","postJson","'/api/v1/leasing/tenants/${Uri.encodeComponent(id)}/account',"
"mobile/lib/features/leasing/data/leasing_repository.dart","107","postId","'/api/v1/leasing/tenants/${Uri.encodeComponent(tenantId)}/$collection',"
"mobile/lib/features/leasing/data/leasing_repository.dart","116","putJson","'/api/v1/leasing/tenants/${Uri.encodeComponent(tenantId)}/$collection/${Uri.encodeComponent(id)}',"
"mobile/lib/features/leasing/data/leasing_repository.dart","124","delete","'/api/v1/leasing/tenants/${Uri.encodeComponent(tenantId)}/$collection/${Uri.encodeComponent(id)}',"
"mobile/lib/features/leasing/data/leasing_repository.dart","128","getList","'$base/${Uri.encodeComponent(id)}/parking',"
"mobile/lib/features/leasing/data/leasing_repository.dart","132","postId","base, body: body);"
"mobile/lib/features/leasing/data/leasing_repository.dart","134","putJson","'$base/$id', body: body);"
"mobile/lib/features/leasing/data/leasing_repository.dart","135","postVoid","'$base/$id/activate');"
"mobile/lib/features/leasing/data/leasing_repository.dart","137","postId","'$base/$id/renew', body: body);"
"mobile/lib/features/leasing/data/leasing_repository.dart","139","postVoid","'$base/$id/terminate', body: body);"
"mobile/lib/features/leasing/data/leasing_repository.dart","141","postId","'$base/$id/documents', body: body);"
"mobile/lib/features/leasing/data/leasing_repository.dart","143","putJson","'$base/$id/documents/$docId/replace', body: body);"
"mobile/lib/features/leasing/data/leasing_repository.dart","145","delete","'$base/$id/documents/$docId');"
"mobile/lib/features/leasing/data/leasing_repository.dart","148","getJson","'$base/$id/documents/$docId/download',"
"mobile/lib/features/leasing/data/leasing_repository.dart","162","getJson","utilities,"
"mobile/lib/features/leasing/data/leasing_repository.dart","181","getJson","utilities,"
"mobile/lib/features/leasing/data/leasing_repository.dart","196","getJson","'$utilities/${Uri.encodeComponent(id)}'),"
"mobile/lib/features/leasing/data/leasing_repository.dart","205","getJson","'$utilities/${Uri.encodeComponent(id)}/bills',"
"mobile/lib/features/leasing/data/leasing_repository.dart","216","postId","utilities, body: body);"
"mobile/lib/features/leasing/data/leasing_repository.dart","218","postId","'$utilities/$id/replace', body: body);"
"mobile/lib/features/leasing/data/leasing_repository.dart","219","postVoid","'$utilities/$id/sync');"
"mobile/lib/features/leasing/data/leasing_repository.dart","220","delete","'$utilities/$id');"
"mobile/lib/features/notifications/data/notifications_repository.dart","26","getList","'/api/v1/notifications/me',"
"mobile/lib/features/notifications/data/notifications_repository.dart","35","getInt","'/api/v1/notifications/me/unread-count'));"
"mobile/lib/features/notifications/data/notifications_repository.dart","38","patchVoid","'/api/v1/notifications/${Uri.encodeComponent(id)}/read'),"
"mobile/lib/features/notifications/data/notifications_repository.dart","41","patchJson","'/api/v1/notifications/me/read-all');"
"mobile/lib/features/parking/parking.dart","24","getList","'/api/v1/buildings/${Uri.encodeComponent(buildingId)}/parking-spots',"
"mobile/lib/features/parking/parking.dart","34","postVoid","'/api/v1/buildings/${Uri.encodeComponent(buildingId)}/parking-spots',"
"mobile/lib/features/parking/parking.dart","38","putJson","'/api/v1/parking-spots/${Uri.encodeComponent(existing.id)}',"
"mobile/lib/features/parking/parking.dart","43","delete","'/api/v1/parking-spots/${Uri.encodeComponent(id)}');"
"mobile/lib/features/parking/parking.dart","45","getOptionalJson","'/api/v1/parking-spots/${Uri.encodeComponent(id)}/assignment',"
"mobile/lib/features/parking/parking.dart","51","postVoid","'/api/v1/parking-spots/${Uri.encodeComponent(spotId)}/assignment',"
"mobile/lib/features/parking/parking.dart","55","postVoid","'/api/v1/parking-assignments/${Uri.encodeComponent(assignmentId)}/end',"
"mobile/lib/features/payments/data/payments_repository.dart","32","getList","'/api/v1/rent-payments',"
"mobile/lib/features/payments/data/payments_repository.dart","38","getList","'/api/v1/tenant-portal/payments',"
"mobile/lib/features/payments/data/payments_repository.dart","44","getJson","'/api/v1/rent-payments/${_id(id)}')),"
"mobile/lib/features/payments/data/payments_repository.dart","48","getJson","'/api/v1/owner/payments/pending-verifications',"
"mobile/lib/features/payments/data/payments_repository.dart","55","postVoid","'/api/v1/owner/payments/${_id(paymentId)}/submissions/${_id(submissionId)}/approve',"
"mobile/lib/features/payments/data/payments_repository.dart","64","postVoid","'/api/v1/owner/payments/${_id(paymentId)}/submissions/${_id(submissionId)}/reject',"
"mobile/lib/features/payments/data/payments_repository.dart","70","postId","'/api/v1/tenant/payments/${_id(id)}/submit-verification',"
"mobile/lib/features/payments/data/payments_repository.dart","76","postVoid","'/api/v1/rent-payments/${_id(id)}/remind', body: {}),"
"mobile/lib/features/payments/data/payments_repository.dart","81","getJson","'/api/v1/rent-payments/${_id(id)}/receipt'),"
"mobile/lib/features/payments/data/payments_repository.dart","89","getJson","'/api/v1/files/${_id(id)}/download-url',"
"mobile/lib/features/payments/data/payments_repository.dart","106","getPdf","tenant"
"mobile/lib/features/properties/data/properties_repository.dart","58","getList","'/api/v1/buildings',"
"mobile/lib/features/properties/data/properties_repository.dart","65","getList","'/api/v1/buildings/${Uri.encodeComponent(buildingId)}/floors',"
"mobile/lib/features/properties/data/properties_repository.dart","76","getList","'/api/v1/apartments',"
"mobile/lib/features/properties/data/properties_repository.dart","89","getJson","'/api/v1/buildings/${Uri.encodeComponent(id)}'),"
"mobile/lib/features/properties/data/properties_repository.dart","96","getJson","'/api/v1/floors/${Uri.encodeComponent(id)}'),"
"mobile/lib/features/properties/data/properties_repository.dart","103","getJson","'/api/v1/apartments/${Uri.encodeComponent(id)}'),"
"mobile/lib/features/properties/data/properties_repository.dart","110","putJson","path, body: body);"
"mobile/lib/features/properties/data/properties_repository.dart","112","postJson","path, body: body);"
"mobile/lib/features/properties/data/properties_repository.dart","118","delete","'/api/v1/${kind.name}/${Uri.encodeComponent(id)}');"
"mobile/lib/features/settings/settings.dart","42","getJson","'/api/v1/companies/me'));"
"mobile/lib/features/settings/settings.dart","50","putJson","'/api/v1/companies/${Uri.encodeComponent(id)}',"
"mobile/lib/features/settings/settings.dart","62","getJson","'/api/v1/companies/${Uri.encodeComponent(id)}/settings',"
"mobile/lib/features/settings/settings.dart","73","putJson","'/api/v1/companies/${Uri.encodeComponent(id)}/settings',"
"mobile/lib/features/tenant_portal/data/tenant_portal_repository.dart","67","getJson","'/api/v1/tenant-portal/me'),"
"mobile/lib/features/tenant_portal/data/tenant_portal_repository.dart","91","getJson","'/api/v1/tenant-portal/lease'),"
"mobile/lib/features/tenant_portal/utilities/tenant_utility_repository.dart","9","getList","'$base/accounts',"
"mobile/lib/features/tenant_portal/utilities/tenant_utility_repository.dart","17","getJson","'$base/bills',"
"mobile/lib/features/tenant_portal/utilities/tenant_utility_repository.dart","27","getJson","'$base/dashboard-summary'),"
"mobile/lib/features/tenant_portal/utilities/tenant_utility_repository.dart","34","postJson","'$base/accounts',"
"mobile/lib/features/tenant_portal/utilities/tenant_utility_repository.dart","48","postJson","'$base/accounts/${Uri.encodeComponent(id)}/replace',"
"mobile/lib/features/tenant_portal/utilities/tenant_utility_repository.dart","54","delete","'$base/accounts/${Uri.encodeComponent(id)}');"
"mobile/lib/features/tenant_portal/utilities/tenant_utility_repository.dart","56","postVoid","'$base/accounts/${Uri.encodeComponent(id)}/sync');"